{
  "cv": [
    {
      "name": "linear",
      "cv_mean": 0.9269943273779393,
      "cv_std": 0.00480457195074728
    },
    {
      "name": "gbdt",
      "cv_mean": 0.9044780475406565,
      "cv_std": 0.010016649587601031
    },
    {
      "name": "rf",
      "cv_mean": 0.8729644435737715,
      "cv_std": 0.02247686646879367
    }
  ],
  "best_model": "linear",
  "test_metrics": {
    "r2": 0.9342166901091213,
    "mae": 3.686610740068142,
    "rmse": 4.5528820552813105
  }
}